portfolio,expected_return_pct,volatility_pct,sharpe_ratio,weight_ICICI Pru Liquid Fund - Regula...,weight_Kotak Liquid Fund - Regular - ...,weight_ABSL Liquid Fund - Regular - G...,weight_HDFC Short Term Debt Fund - Re...,weight_SBI Magnum Gilt Fund - Regular...
Max Sharpe,6.567388566878467,0.3987853152667662,0.16898457465362582,61.47490935781609,30.37361423122502,2.159396233361663,0.49506302620204956,5.497017151395198
Min Volatility,6.363572020754845,0.3028221631998701,-0.4505217775460796,31.129320712373342,33.52519474391377,31.287255032295054,2.406881415966359,1.6513480954514854
