amfi_code,name,last_nav,median_5y,p5_5y,p95_5y
120507,ICICI Pru Liquid Fund - Regular - G...,388.5939,544.4503343261408,534.5698949566081,554.4376706777963
120844,Kotak Liquid Fund - Regular - Growt...,4268.5497,5894.53369283868,5790.368537043331,6003.381651273071
101208,ABSL Liquid Fund - Regular - Growth,410.1021,555.8577663000576,546.2354818700436,566.5447550124572
100025,HDFC Short Term Debt Fund - Regular...,31.8843,39.37721633211004,34.05553903053313,45.84922607205026
119120,SBI Magnum Gilt Fund - Regular Plan...,54.2038,71.10819729840267,62.18856008933279,82.90633758190546
